headline,description,url,published_at,source_name,category,ingestion_timestamp
US warns of Iran-affiliated cyber-attacks on critical infrastructure across country,"Security agencies say municipalities should watch out for unusual activity, especially in water and energy sectors",https://www.theguardian.com/world/2026/apr/07/iran-cyberattacks-infrastructure,2026-04-07T23:21:42Z,guardian,Politics,2026-04-30T13:01:39.374260
Donald Trump says ‘a whole civilisation will die’ if Iran ignores demands,Attacks on Iran increase and Israel tells Iranians to avoid train travel as deadline to reopen strait of Hormuz looms,https://www.theguardian.com/world/2026/apr/07/israel-warns-iran-lives-at-risk-if-they-use-trains-trump-deadline,2026-04-07T21:57:24Z,guardian,Politics,2026-04-30T13:01:39.374327
Vance’s whirlwind visit may not help Orbán to the election victory he craves,"As the US vice-president wades into a heated campaign, Hungary’s leader faces the real possibility of defeat",https://www.theguardian.com/world/2026/apr/07/jd-vance-hungary-viktor-orban-election,2026-04-07T19:28:54Z,guardian,Politics,2026-04-30T13:01:39.374363
JD Vance accuses EU of ‘interference’ as he visits Hungary to help Orbán win election,US vice-president rails against ‘bureaucrats in Brussels’ interfering in Sunday’s vote during Budapest visit,https://www.theguardian.com/world/2026/apr/07/jd-vance-eu-interference-hungary-election-viktor-orban,2026-04-07T18:59:57Z,guardian,Politics,2026-04-30T13:01:39.374383
Iran calls on young people to form human chains around power plants as Trump deadline looms,President Masoud Pezeshkian says 14m people ‘declared their readiness to sacrifice their lives’ for defence of Iran,https://www.theguardian.com/world/2026/apr/07/iran-young-people-human-chains-power-plants-donald-trump-deadline-looms,2026-04-07T17:51:59Z,guardian,Politics,2026-04-30T13:01:39.374398
UK veterans ‘forced to resign’ for being gay launch legal action against MoD,Steven Stewart and Mark Shephard tell high court LGBT Financial Recognition Scheme is ‘structurally unfair’,https://www.theguardian.com/world/2026/apr/07/veterans-forced-to-resign-gay-legal-action-against-ministry-defence,2026-04-07T17:22:37Z,guardian,Politics,2026-04-30T13:01:39.374413
Will bombing Iran back to the ‘stone ages’ achieve any war objectives?,Donald Trump’s threat to target Iran’s bridges and power plants follows a similar playbook to recent conflicts,https://www.theguardian.com/world/2026/apr/07/will-bombing-iran-back-to-the-stone-ages-achieve-any-war-objectives,2026-04-07T17:14:11Z,guardian,Politics,2026-04-30T13:01:39.374424
UK government urged to act over proposed illegal Israeli settlement,"Former diplomats say ministers must threaten action against any companies bidding to build E1 settlement of 3,400 houses in West Bank",https://www.theguardian.com/world/2026/apr/07/uk-government-urged-to-act-over-proposed-israeli-settlement,2026-04-07T17:00:02Z,guardian,Politics,2026-04-30T13:01:39.374438
Britain must lead efforts to stop Israel’s annexation of the West Bank,Letter: Former ambassadors and high commissioners call on Keir Starmer to stand with European and Commonwealth partners against the unlawful occupation of Palestinian territory,https://www.theguardian.com/world/2026/apr/07/britain-must-lead-efforts-to-stop-israel-annexation-of-the-west-bank,2026-04-07T16:58:39Z,guardian,Politics,2026-04-30T13:01:39.374499
Vance accuses EU of ‘foreign interference’ in upcoming Hungarian election while endorsing Orbán – as it happened,US vice-president claims ‘the bureaucrats in Brussels have tried to destroy the economy of Hungary’,https://www.theguardian.com/world/live/2026/apr/07/jd-vance-budapest-viktor-orban-hungary-election-france-nicolas-sarkozy-denmark-coalition-russia-ukraine-europe-latest-updates-news,2026-04-07T16:58:02Z,guardian,Politics,2026-04-30T13:01:39.374515
First Nation asks court to block Alberta referendum on seceding from Canada,"Sturgeon Lake Cree Nation has asked a court to halt the separatist push, arguing it would violate their treaty rights",https://www.theguardian.com/world/2026/apr/07/first-nation-decries-alberta-separatist-push-canada,2026-04-07T16:43:13Z,guardian,Politics,2026-04-30T13:01:39.374526
What are reparations for slavery and colonialism – and will the UK pay?,"As global row intensifies, Reform UK has said it would not issue visas for people from any country seeking reparations",https://www.theguardian.com/world/2026/apr/07/reparations-slavery-colonialism-explainer-reform-uk,2026-04-07T15:01:53Z,guardian,Politics,2026-04-30T13:01:39.374539
"‘For leftist Jews, the Bund is a model’: the radical history behind one of Europe’s biggest socialist movements",A new book by Molly Crabapple documents the rise and fall of a revolutionary Jewish party that fought against Zionism and for ‘solidarity across difference’,https://www.theguardian.com/world/2026/apr/07/molly-crabapple-new-book-jewish-socialism,2026-04-07T15:00:01Z,guardian,Politics,2026-04-30T13:01:39.374550
Spanish politicians clash over request to move Picasso’s Guernica,Madrid and Basque government leaders call each other ‘provincial’ in dispute over the artwork,https://www.theguardian.com/world/2026/apr/07/spain-politician-clash-picasso-guernica,2026-04-07T14:34:30Z,guardian,Politics,2026-04-30T13:01:39.374559
Who needs looksmaxxing when you’ve got Catholicmaxxing? The TikTok trend making religion great again,"Some of the young Americans swept up in the movement are looking for the meaning of life; others for a new partner. Well, it’s a broad church …",https://www.theguardian.com/world/2026/apr/07/catholicmaxxing-catholicism--church-religion-tiktok-gen-z-influencers,2026-04-07T14:26:40Z,guardian,Politics,2026-04-30T13:01:39.374571
Row over ‘virtual gated community’ AI surveillance plan in Toronto neighbourhood,Rosedale residents considering car licence plate-scanning Flock system in bid to tackle property crime,https://www.theguardian.com/technology/2026/apr/07/toronto-rosedale-row-virtual-gated-community-ai-surveillance-flock,2026-04-07T14:07:18Z,guardian,Politics,2026-04-30T13:01:39.374581
#MeToo movement brings wave of harassment claims across Colombia,Female journalists’ accounts of harassment trigger avalanche of allegations reaching as far as government,https://www.theguardian.com/world/2026/apr/07/metoo-movement-brings-wave-of-harassment-claims-across-colombia,2026-04-07T13:22:11Z,guardian,Politics,2026-04-30T13:01:39.374593
Viktor Orbán told Putin ‘I am at your service’ in October phone call,Transcript reportedly details Hungarian leader offering whatever assistance he can to his Russian counterpart,https://www.theguardian.com/world/2026/apr/07/viktor-orban-told-putin-i-am-at-your-service-in-october-phonecall,2026-04-07T11:28:31Z,guardian,Politics,2026-04-30T13:01:39.374603
Bangladesh launches measles vaccination drive as child death toll passes 100,UN assists in emergency vaccination drive as country battles worst surge in cases in years amid fall in vaccination rates,https://www.theguardian.com/world/2026/apr/07/bangladesh-measles-vaccination-drive-child-death-toll,2026-04-07T06:08:02Z,guardian,Politics,2026-04-30T13:01:39.374615
Tuesday briefing: What is driving the record rise in stalking offences?,"In today’s newsletter: As cases charged hit their highest level on record in England and Wales, a look at what is behind the increase and whether the criminal justice system is keeping pace",https://www.theguardian.com/world/2026/apr/07/tuesday-briefing-what-is-driving-the-rise-in-stalking-offences-in-england-and-wales,2026-04-07T06:02:40Z,guardian,Politics,2026-04-30T13:01:39.374629
Talks to end Iran war appear to falter a day before Trump deadline,US president acknowledges ‘significant’ 10-point peace plan submitted by Tehran but says it is ‘not good enough’,https://www.theguardian.com/world/2026/apr/06/proposals-for-immediate-ceasefire-us-israel-iran-war,2026-04-07T05:24:24Z,guardian,Politics,2026-04-30T13:01:39.374638
Hungary pipeline false-flag claims swirl as JD Vance makes election intervention,Claims explosives found near pipeline come before election in which PM Viktor Orbán is trailing in most polls,https://www.theguardian.com/world/2026/apr/06/hungary-puts-gas-pipeline-under-military-protection-amid-false-flag-accusations,2026-04-07T03:56:37Z,guardian,Politics,2026-04-30T13:01:39.374647
Blasts heard near Erbil airport – as it happened,This blog is now closed – our live coverage continues here,https://www.theguardian.com/world/live/2026/apr/06/iran-war-live-updates-trump-hormuz-oil-netanyahu-israel,2026-04-07T03:10:48Z,guardian,Politics,2026-04-30T13:01:39.374656
Ukraine war briefing: Zelenskyy reiterates truce offer ahead of Orthodox Easter,"Ukrainian president says Russia unlikely to accept – ‘for them, nothing is sacred’; Australian police arrest army reservist for joining war. What we know on day 1,504",https://www.theguardian.com/world/2026/apr/07/ukraine-russia-war-briefing-zelenskyy-orthodox-easter-truce-offer,2026-04-07T00:34:15Z,guardian,Politics,2026-04-30T13:01:39.374665
Greek PM vows to tackle ‘deep state’ in wake of farm fraud scandal,Kyriakos Mitsotakis calls alleged scamming of EU agricultural funds ‘a turning point’,https://www.theguardian.com/world/2026/apr/06/greek-pm-vows-to-tackle-deep-state-in-wake-of-farm-scandal,2026-04-06T16:59:10Z,guardian,Politics,2026-04-30T13:01:39.374674
The dream truck stop was nearly a reality,"Letter: Alisdair McNicol recalls proposals in the 1970s for secure sites with proper accommodation for drivers, which were sadly dropped before the plans took off",https://www.theguardian.com/world/2026/apr/06/the-dream-truck-stop-was-nearly-a-reality,2026-04-06T16:46:26Z,guardian,Politics,2026-04-30T13:01:39.374709
We need to talk about population overshoot,"Letter: Eco-aware family planning and economic degrowth are two of the wiser social paradigms trying to emerge to replace the ecocidal norms of the past, writes Barbara Williams",https://www.theguardian.com/world/2026/apr/06/we-need-to-talk-about-population-overshoot,2026-04-06T16:46:16Z,guardian,Politics,2026-04-30T13:01:39.374749
Is there any need for amputee octopuses?,Brief letters: Scientific study | Revealing adverts | Terms of endearment | Alien facehugger | Parents in pubs,https://www.theguardian.com/world/2026/apr/06/is-there-any-need-for-amputee-octopuses,2026-04-06T16:46:12Z,guardian,Politics,2026-04-30T13:01:39.374772
Iran’s internet blackout is longest national shutdown since Arab spring,Iranian authorities cut access to internet on 28 February leaving many with limited information about war,https://www.theguardian.com/technology/2026/apr/06/iran-internet-blackout-is-longest-national-shutdown-since-arab-spring,2026-04-06T15:55:06Z,guardian,Politics,2026-04-30T13:01:39.374788
"Private jets, deserted shores and an unbuilt resort: alleged links to sanctioned ‘scam’ empire revealed in Timor-Leste","Exclusive: Investigation finds alleged Prince Group associates were involved in unusual development in tiny nation on Australia’s doorstep, raising concerns about global spread of online fraud industry",https://www.theguardian.com/world/ng-interactive/2026/apr/06/prince-group-timor-leste-links-to-alleged-scam-empire,2026-04-06T15:00:23Z,guardian,Politics,2026-04-30T13:01:39.374811
Thailand PM urges working from home amid fears over energy crisis,Anutin Charnvirakul encourages measures such as home working and carpooling as country is reliant on oil imports,https://www.theguardian.com/world/2026/apr/06/thailand-pm-calls-for-energy-saving-as-middle-east-conflict-drives-price-surge,2026-04-06T11:29:43Z,guardian,Politics,2026-04-30T13:01:39.374822
"He spent years investigating Opus Dei, a Catholic group accused of a vast conspiracy of abuse. Then Pope Leo asked to meet","Gareth Gore’s 2024 book Opus alleges decades of manipulation, which the group has denied. He believes the pope wanted to send a clear message",https://www.theguardian.com/world/2026/apr/06/opus-dei-gareth-gore-pope-leo,2026-04-06T11:00:18Z,guardian,Politics,2026-04-30T13:01:39.374835
War in Iran is boosting profits for oil and defense companies as US gas prices soar,"As Americans struggle with rising prices, Lockheed Martin, Shell and other companies are experiencing gains",https://www.theguardian.com/world/2026/apr/06/defense-contractors-oil-companies-profit-iran-war,2026-04-06T11:00:17Z,guardian,Politics,2026-04-30T13:01:39.374844
Was Trump oblivious to the realities of Netanyahu’s promised ‘easy’ war on Iran?,"Senior US officials consider the PM’s pitch to have been overblown, creating potentially far-reaching consequences for Israel",https://www.theguardian.com/world/2026/apr/06/trump-iran-war-netanyahu-israel,2026-04-06T10:38:12Z,guardian,Politics,2026-04-30T13:01:39.374853
"‘Such a mix of people’: Ireland of 1926 was not monocultural, release of census shows ","Archive is freely available online from 18 April, revealing the lives, occupations and secrets of 2.9m people",https://www.theguardian.com/world/2026/apr/06/release-census-ireland-1926-not-monocultural,2026-04-06T10:05:44Z,guardian,Politics,2026-04-30T13:01:39.374862
Monday briefing: Can human-based space exploration still be meaningful? ,"In today’s newsletter: Far from Earth and out of contact, the four‑person crew ​of Artemis II​ continues a journey designed ​to test​ endurance and the limits of deep‑space exploration",https://www.theguardian.com/world/2026/apr/06/monday-briefing-can-human-based-space-exploration-still-be-meaningful,2026-04-06T05:46:09Z,guardian,Politics,2026-04-30T13:01:39.374876
When Suzuki met Suzuki: why a Tokyo dating agency is matching couples with the same name,Japan’s ban on married couples having different surnames has prompted an event to highlight people’s reluctance to change their name,https://www.theguardian.com/world/2026/apr/06/when-suzuki-met-suzuki-tokyo-dating-agency-matching-surnames-japan,2026-04-06T04:57:17Z,guardian,Politics,2026-04-30T13:01:39.374886
Cruise ship caught on reef off tiny Fiji island where Cast Away filmed,Salvage crews work to avoid oil spill after Fiji Princess cruise ship grounded off Monuriki Island on Saturday,https://www.theguardian.com/world/2026/apr/06/cruise-ship-grounded-reef-fiji-cast-away-island-monuriki,2026-04-06T03:57:26Z,guardian,Politics,2026-04-30T13:01:39.374909
At least 15 killed in strikes on Lebanon – as it happened,This blog has now closed,https://www.theguardian.com/world/live/2026/apr/05/middle-east-crisis-live-iran-israel-us-war-trump-strait-hormuz-missing-pilot-downed,2026-04-06T03:54:41Z,guardian,Politics,2026-04-30T13:01:39.374923
Ukraine war briefing: Russian oil facilities burn as Zelenskyy tours Middle East,"Repairs will be slow and costly, pro-Russian bloggers complain; Ukraine’s president says Iran war is benefiting Moscow. What we know on day 1,503",https://www.theguardian.com/world/2026/apr/06/ukraine-war-briefing-russian-oil-facilities-burn-as-zelenskyy-tours-middle-east,2026-04-06T02:05:31Z,guardian,Politics,2026-04-30T13:01:39.374933
Trump warns Iran to reopen strait of Hormuz by Tuesday or face ‘hell’,President shifts deadline again for attacking power plants and bridges in expletive-ridden social media post,https://www.theguardian.com/world/2026/apr/05/trump-warns-iran-to-reopen-strait-of-hormuz-by-tuesday-or-face-hell,2026-04-06T01:28:00Z,guardian,Politics,2026-04-30T13:01:39.374941
A timeline of the two US military jets shot down by Iran forces,Incidents imply that Iranian air defenses may not be as degraded as Trump administration claims,https://www.theguardian.com/world/2026/apr/05/timeline-us-military-jets-shot-down,2026-04-05T17:44:32Z,guardian,Politics,2026-04-30T13:01:39.374953
Hungarian PM faces ‘false flag’ claims after Serbia says explosives found near pipeline,Incident prompts political scrutiny across Hungary as Viktor Orbán trails in polls before next Sunday’s election,https://www.theguardian.com/world/2026/apr/05/viktor-orban-hungary-election-serbia-explosives-gas-pipeline,2026-04-05T17:13:07Z,guardian,Politics,2026-04-30T13:01:39.374962
There is no revival of Christianity in Britain,"Letter: Andrew Copson of Humanists UK says we must recognise non-religious people as a community with a positive, ethical worldview that deserves equal standing in the public square",https://www.theguardian.com/world/2026/apr/05/there-is-no-revival-of-christianity-in-britain,2026-04-05T16:50:05Z,guardian,Politics,2026-04-30T13:01:39.374986
How Paris swapped cars for bikes – and transformed its streets,"Under Anne Hidalgo – mayor for 12 years until last week – the French capital added bike lanes, cut traffic and reclaimed public space, but not without resistance",https://www.theguardian.com/world/2026/apr/05/how-paris-swapped-cars-for-bikes-and-remade-its-streets,2026-04-05T15:59:20Z,guardian,Politics,2026-04-30T13:01:39.374996
"Despite propaganda coup of F-15 crew rescue, downing is reminder to US that Iran can fight back",Donald Trump will claim rescue as a triumph but 48-hour drama should be a caution against launching ground operation,https://www.theguardian.com/world/2026/apr/05/propaganda-f-15-crew-rescue-downing-reminder-iran-fight-back-donald-trump,2026-04-05T15:32:58Z,guardian,Politics,2026-04-30T13:01:39.375006
Lorna Richmond obituary,"Other lives : Administrator at the Africa Bureau in London, which organised on behalf of independence movements on the continent",https://www.theguardian.com/world/2026/apr/05/lorna-richmond-obituary,2026-04-05T14:46:40Z,guardian,Politics,2026-04-30T13:01:39.375025
US rescues second crew member of downed F-15E fighter jet from Iran,Trump gives further details on rescue and threatens to bomb infrastructure if strait of Hormuz is not reopened,https://www.theguardian.com/world/2026/apr/04/iran-search-missing-us-crew-member-downed-fighter-jet-second-day,2026-04-05T13:13:53Z,guardian,Politics,2026-04-30T13:01:39.375034
Labour to back down on foie gras and fur bans to ease EU trade deal,Exclusive: Animal welfare charities ‘bitterly disappointed’ UK government plans to backtrack on manifesto promises,https://www.theguardian.com/world/2026/apr/05/labour-back-down-foie-gras-fur-bans-eu-trade-deal,2026-04-05T13:00:51Z,guardian,Politics,2026-04-30T13:01:39.375045
Uproar in Germany over law requiring men get military approval for long stays abroad,Ministry clarifies clause affecting those up to age 45 that is part of legislation that came into effect in January,https://www.theguardian.com/world/2026/apr/05/uproar-germany-law-men-up-to-45-military-permission-long-stays-abroad,2026-04-05T11:45:51Z,guardian,Politics,2026-04-30T13:01:39.375055
Ex-Waitrose worker needs our support,Letters: Don’t-shop Wednesday | Saved by the dog | Farage/Braverman birthday | Double-barrelled surname | Spelling test,https://www.theguardian.com/business/2026/apr/07/ex-waitrose-worker-needs-our-support,2026-04-07T16:58:22Z,guardian,Economy,2026-04-30T13:01:39.980658
"Oil and gas crisis from Iran war worse than 1973, ​1979 and 2022 together, says IEA",Oil prices swing and stock markets tense on approach to Trump’s deadline for Iran to reopen strait of Hormuz,https://www.theguardian.com/business/2026/apr/07/oil-prices-donald-trump-iran-stock-market-imf-inflation,2026-04-07T16:42:27Z,guardian,Economy,2026-04-30T13:01:39.980713
"Universal Music, home to Taylor Swift and Drake, receives €55bn takeover offer",Bill Ackman’s Pershing Square claims world’s biggest music company has suffered because of delay of US listing,https://www.theguardian.com/business/2026/apr/07/universal-music-group-takeover-offer-bill-ackman-pershing-square,2026-04-07T16:07:58Z,guardian,Economy,2026-04-30T13:01:39.980744
Oil back above $110 in volatile markets as Trump deadline looms for Iran to reopen strait – as it happened,"IMF head warns Middle East war will lead to higher inflation and slower global growth while IEA director says oil and gas crisis ‘more serious than the ones in 1973, ​1979 and 2022 together’",https://www.theguardian.com/business/live/2026/apr/07/oil-price-rises-trump-deadline-iran-reopen-strait-of-hormuz-imf-business-live-news,2026-04-07T14:46:26Z,guardian,Economy,2026-04-30T13:01:39.980772
BP shareholders advised to vote against chair over climate resolution exclusion,Glass Lewis says blocking of proposal to share company’s longer-term strategy at AGM raises transparency issues,https://www.theguardian.com/business/2026/apr/07/bp-shareholders-advised-to-vote-against-chair-over-climate-resolution-exclusion,2026-04-07T14:35:06Z,guardian,Economy,2026-04-30T13:01:39.980796
"Hedge fund borrowing exposes emerging markets to greater Iran war risk, says IMF",Analysis shows developing economies more likely to experience higher interest rates and currency shocks,https://www.theguardian.com/business/2026/apr/07/emerging-economies-greater-risk-high-interest-currency-shocks-iran-war-imf,2026-04-07T14:00:49Z,guardian,Economy,2026-04-30T13:01:39.980820
JP Morgan reaches agreement with City airport for Canary Wharf’s tallest tower,"Bank to submit planning application shortly, after securing deal on 265m-high London Docklands building",https://www.theguardian.com/business/2026/apr/07/jp-morgan-clears-hurdle-canary-wharf-tallest-tower-london-city-airport,2026-04-07T12:47:27Z,guardian,Economy,2026-04-30T13:01:39.980843
Iceland chain offers job to man sacked by Waitrose after confronting shoplifter,"Iceland’s chair Richard Walker says Walker Smith is ‘welcome to a job with us’ as public fundraiser hits £7,500",https://www.theguardian.com/business/2026/apr/07/iceland-offers-job-walker-smith-sacked-by-waitrose-shoplifter,2026-04-07T10:34:13Z,guardian,Economy,2026-04-30T13:01:39.980867
UK City firms report fastest turnaround in fortunes in 30 years,CBI figures showing surprise jump in financial sector’s growth will be welcome news for Rachel Reeves,https://www.theguardian.com/business/2026/apr/07/uk-city-firms-cbi-financial-sector-rachel-reeves,2026-04-07T06:00:41Z,guardian,Economy,2026-04-30T13:01:39.980901
UK manufacturers ‘will pay £940m a year more in business rates due to Reeves changes’,"Government should look at ways to help as firms are paying disproportionate bills, says MakeUK",https://www.theguardian.com/business/2026/apr/07/uk-manufacturers-business-rates-rachel-reeves-makeuk,2026-04-07T05:00:39Z,guardian,Economy,2026-04-30T13:01:39.980923
 ‘Italy has the best benefits’: Milan takes on Dubai as home for the super-rich,"With the UAE under fire from Iranian missiles, wealthy investors are turning to Italy’s flat-tax haven",https://www.theguardian.com/business/2026/apr/07/milan-dubai-super-wealthy-italy-rich,2026-04-07T04:00:39Z,guardian,Economy,2026-04-30T13:01:39.980947
Waitrose under pressure to reinstate worker sacked after stopping shoplifter ,"Retailer faces public outcry over treatment of Walker Smith, who tackled shoplifter stealing Easter eggs at London store",https://www.theguardian.com/business/2026/apr/06/waitrose-employee-sacked-stopping-shoplifter-walker-smith-easter-egg,2026-04-06T18:20:26Z,guardian,Economy,2026-04-30T13:01:39.980977
"Jamie Dimon says US should strengthen allies economically, in veiled criticism of Trump",JP Morgan boss warns of risks of higher inflation and interest rates due to Iran war in annual letter to shareholders,https://www.theguardian.com/business/2026/apr/06/jamie-dimon-us-donald-trump-jp-morgan-tariffs-letter-shareholders,2026-04-06T15:17:42Z,guardian,Economy,2026-04-30T13:01:39.980999
Dozens of firms risk losing B Corp status after standards overhaul,Tougher ethical certification process requires companies to meet standards in every one out of seven categories,https://www.theguardian.com/business/2026/apr/06/b-corp-status-standards-overhaul-certification-companies,2026-04-06T13:12:08Z,guardian,Economy,2026-04-30T13:01:39.981022
Thousands of small UK firms’ energy bills set to more than double due to Iran war ,"Companies using heating oil have already begun rationing their fuel use, says Federation of Small Businesses",https://www.theguardian.com/business/2026/apr/06/small-uk-firms-energy-bills-iran-war-heating-oil-fsb,2026-04-06T10:00:16Z,guardian,Economy,2026-04-30T13:01:39.981044
Iran strikes Kuwait’s oil infrastructure before Opec+ supply talks,"Members reportedly agree a rise of 206,000 barrels a day in May, but move symbolic while strait of Hormuz is effectively closed",https://www.theguardian.com/business/2026/apr/05/iranian-drone-strikes-hit-kuwait-oil-infrastructure-before-opec-supply-talks,2026-04-05T18:22:38Z,guardian,Economy,2026-04-30T13:01:39.981065
From microshifting to coffee badging: whatever happened to just doing your job?,Buzzy workplace trends all point to the same thing: avoiding work while still collecting a paycheck,https://www.theguardian.com/business/2026/apr/06/what-happened-to-doing-job-at-work,2026-04-05T14:00:53Z,guardian,Economy,2026-04-30T13:01:39.981087
Waitrose employee sacked after stopping shoplifter from taking Easter eggs,"Walker Smith, 54, who worked for retailer for 17 years, says he grabbed bag from thief before they escaped",https://www.theguardian.com/business/2026/apr/05/waitrose-employee-sacked-after-stopping-shoplifter-from-taking-easter-eggs,2026-04-05T12:28:28Z,guardian,Economy,2026-04-30T13:01:39.981108
How Trump’s Iran war could make the world more reliant on coal,The energy crisis sparked by the war is making some countries consider ramping up their use of dirty fuels,https://www.theguardian.com/business/2026/apr/05/coal-reliance-iran-war-fossil-fuels,2026-04-05T11:00:49Z,guardian,Economy,2026-04-30T13:01:39.981135
Higher energy costs from Iran war could threaten fragile economics of AI boom,Industry with business model not yet firmly established and investments financed by huge debts is particularly at risk,https://www.theguardian.com/business/2026/apr/05/higher-energy-costs-iran-war-oil-economics-ai-boom,2026-04-05T10:38:42Z,guardian,Economy,2026-04-30T13:01:39.981160
Former Co-op boss was paid almost £2m before leaving after group’s difficult year,Shirine Khoury-Haq and other managers did not receive annual bonus after damaging cyber-attack in 2025,https://www.theguardian.com/business/2026/apr/05/former-co-op-boss-paid-2m-leave-difficult-year-shirine-khoury-haq,2026-04-05T08:00:44Z,guardian,Economy,2026-04-30T13:01:39.981181
Fair Work Agency’s priorities criticised days before its launch,"Cornerstone of the UK’s Employment Rights Act ‘in danger of becoming a dead duck’, says Unite boss",https://www.theguardian.com/business/2026/apr/05/fair-work-agency-criticised-launch-dead-duck-employment-rights,2026-04-05T06:00:43Z,guardian,Economy,2026-04-30T13:01:39.981203
‘It’s all fear and headlines’: energy traders race to keep pace with volatile oil markets,Market volatility caused by Middle East conflict exposes energy traders to heavy losses and rumours of insider trading at the highest level,https://www.theguardian.com/business/2026/apr/05/its-all-fear-and-headlines-energy-traders-race-to-keep-pace-with-volatile-oil-markets,2026-04-05T05:00:43Z,guardian,Economy,2026-04-30T13:01:39.981225
Trussonomics still haunts parties’ economic promises in run-up to UK local elections,"Greens, Reform UK, Your Party, Conservatives and even Lib Dems are making extravagant spending pledges",https://www.theguardian.com/business/2026/apr/04/trussonomics-still-haunts-parties-economic-promises-in-run-up-to-uk-local-elections,2026-04-04T15:00:25Z,guardian,Economy,2026-04-30T13:01:39.981246
House swaps: why exchanging home could be a ticket to a dream holiday,Regular swappers say they not only make big savings but create connections. Here is how it works,https://www.theguardian.com/business/2026/apr/04/house-swaps-exchanging-home-dream-holiday-saving-money,2026-04-04T11:00:21Z,guardian,Economy,2026-04-30T13:01:39.981269
"UK food halls buck downbeat hospitality trend: ‘In this impossible climate, they shine hope’","Amid closures and soaring costs, food halls are booming as a cheaper, lower-risk alternative to traditional restaurants",https://www.theguardian.com/business/2026/apr/04/uk-food-halls-buck-downbeat-hospitality-trend,2026-04-04T09:00:17Z,guardian,Economy,2026-04-30T13:01:39.981290
"Claim sooner rather than later, experts urge, after £7.5bn car loan compensation scheme launched",The key takeaways for who is eligible and how to seek redress from the new FCA motor finance scheme,https://www.theguardian.com/business/2026/apr/04/mis-sold-car-loans-compensation-scheme-launched,2026-04-04T06:00:15Z,guardian,Economy,2026-04-30T13:01:39.981312
‘Over the top and fun:’ TGI Fridays boss insists time is right for a UK revival,"Ray Blanchette admits he may be a ‘little crazy’ as he outlines chain’s hopes of building 1,000 outlets globally",https://www.theguardian.com/business/2026/apr/04/tgi-fridays-boss-revival-fun-uk-ray-blanchette,2026-04-04T05:01:12Z,guardian,Economy,2026-04-30T13:01:39.981333
Lord Haskins obituary,"Europhile farmer and businessman whose Northern Foods supplied ready meals to Marks & Spencer, Tesco and Waitrose",https://www.theguardian.com/business/2026/apr/03/lord-haskins-obituary,2026-04-03T16:00:05Z,guardian,Economy,2026-04-30T13:01:39.981386
Wake-up call: how Telstra’s ‘unreasonable’ price rises may cause customers to hang up,The telco’s sweeping price changes and the closure of its cheaper ‘starter’ plan risk putting off many of its loyal customers,https://www.theguardian.com/business/2026/apr/04/telstra-price-rises-changes-starter-plan,2026-04-03T14:00:56Z,guardian,Economy,2026-04-30T13:01:39.981408
US jobs market surpassed expectations in March but February losses were worse than first reported,"Employers added 178,000 new jobs in March and unemployment rate fell to 4.3%, ahead of economists’ predictions",https://www.theguardian.com/business/2026/apr/03/march-labor-market-jobs-report,2026-04-03T12:37:05Z,guardian,Economy,2026-04-30T13:01:39.981430
"Food prices spiked in March as Middle East conflict drove up energy costs, UN says","Biggest rises were in vegetable oil and sugar prices, which increased by 5% and 7% respectively",https://www.theguardian.com/business/2026/apr/03/food-prices-spike-march-middle-east-conflict-drove-energy-prices-up-un-says,2026-04-03T10:57:40Z,guardian,Economy,2026-04-30T13:01:39.981452
"M&S calls for crackdown on ‘brazen, organised, aggressive’ retail crime",Bosses write to home secretary and London mayor listing series of incidents staff have faced in past week,https://www.theguardian.com/business/2026/apr/03/marks-spencer-calls-crackdown-retail-crime-clapham,2026-04-03T09:09:36Z,guardian,Economy,2026-04-30T13:01:39.981474
Australia says it won’t raise drug prices after Trump’s 100% tariff on pharmaceuticals imported into US,Health minister Mark Butler says federal government is ‘not negotiating’ when it comes to removing price protections on common medications,https://www.theguardian.com/business/2026/apr/03/australia-says-it-wont-raise-drug-prices-after-trumps-100-tariff-on-pharmaceuticals-imported-into-us,2026-04-03T01:30:28Z,guardian,Economy,2026-04-30T13:01:39.981498
Blue Owl Capital limits withdrawals after investors try to redeem $5.4bn,Private credit investment firm’s move is latest sign of crumbling confidence in unregulated lending market,https://www.theguardian.com/business/2026/apr/02/blue-owl-capital-private-credit-investment-limits-withdrawals,2026-04-02T16:14:02Z,guardian,Economy,2026-04-30T13:01:39.981523
Oil price jumps and markets slide after Trump warning to Iran,Brent crude rises 8% as US president vows to hit Iran ‘extremely hard’ over coming weeks,https://www.theguardian.com/business/2026/apr/02/oil-price-rises-markets-slide-following-trump-iran-war-address,2026-04-02T15:59:03Z,guardian,Economy,2026-04-30T13:01:39.981546
US crude oil hits $110 a barrel and markets drop as Trump dashes Iran de-escalation hopes – as it happened,Rolling coverage of the latest economic and financial news,https://www.theguardian.com/business/live/2026/apr/02/uk-record-rise-fuel-prices-mortgage-shock-stock-markets-iran-war-oil-dollar-news-updates,2026-04-02T15:48:47Z,guardian,Economy,2026-04-30T13:01:39.981569
"Stellantis recalls 44,000 UK vehicles over fault that could cause fires","Affected cars include models in Peugeot, Citroën, Vauxhall, Lancia, Alfa Romeo, Jeep and Fiat brands made since 2023",https://www.theguardian.com/business/2026/apr/02/stellantis-recall-44000-uk-vehicles-fault-fires,2026-04-02T13:47:14Z,guardian,Economy,2026-04-30T13:01:39.981592
UK firms expect to raise prices more quickly as Iran war pushes up costs,Bank of England survey in March shows chief financial officers foresee 3.7% increase over coming year,https://www.theguardian.com/business/2026/apr/02/uk-firms-expect-to-raise-prices-more-quickly-as-iran-war-pushes-up-costs,2026-04-02T11:41:13Z,guardian,Economy,2026-04-30T13:01:39.981624
‘From high flyer to dead parrot’: former billion-dollar eco-shoe brand Allbirds sold for $39m,"Once-hyped, celebrity-backed company snapped up by American Exchange Group for fraction of former value",https://www.theguardian.com/business/2026/apr/02/eco-shoe-brand-allbirds-sold-american-exchange-group,2026-04-02T11:35:29Z,guardian,Economy,2026-04-30T13:01:39.981647
"‘If he’d stayed on the golf course, we’d be in a better place’: experts on Trump’s tariffs, one year on","Last April, the president unleashed a tidal wave of tariffs on ‘liberation day’. Analysts say the policy has failed, even by the Trump administration’s own terms",https://www.theguardian.com/business/2026/apr/02/trump-liberation-day-us-tariffs-trade,2026-04-02T10:00:22Z,guardian,Economy,2026-04-30T13:01:39.981670
Secondhand clothes sales forecast to hit $289bn as AI helps shoppers find deals,Sites such as Vinted and ThredUp expected to help resale grow twice as fast as overall clothing market in coming years,https://www.theguardian.com/business/2026/apr/02/secondhand-clothes-sales-forecast-to-hit-289bn-as-ai-helps-shoppers-find-deals,2026-04-02T10:00:20Z,guardian,Economy,2026-04-30T13:01:39.981691
Thames Water ‘close to deal that would spare it new Ofwat fines until 2030’,Offer reportedly put forward by creditors hoping to save struggling firm from being renationalised temporarily,https://www.theguardian.com/business/2026/apr/02/thames-water-close-to-deal-that-would-spare-it-ofwat-fines-until-2030,2026-04-02T09:58:05Z,guardian,Economy,2026-04-30T13:01:39.981712
Larva lamped: Colin the Caterpillar loses to eight lookalikes in cake taste test,Which? testers complain M&S sponge is ‘too dry’ as Waitrose’s Cecil tops the tree with ‘best buy’ gong,https://www.theguardian.com/business/2026/apr/02/m-and-s-colin-the-caterpillar-loses-which-cake-taste-test-waitrose-cecil-best-buy,2026-04-02T05:00:18Z,guardian,Economy,2026-04-30T13:01:39.981741
"Polymarket and other prediction platforms driving oil market, traders say",Datafeeds from platforms being used to create algorithms that determine multimillion-dollar trades on global market,https://www.theguardian.com/business/2026/apr/02/energy-traders-polymarket-prediction-datafeeds-global-oil-market,2026-04-02T04:00:16Z,guardian,Economy,2026-04-30T13:01:39.981762
"UK food inflation ‘could hit 9%’, trade body warns as Reeves meets retail chiefs",Discussion on how to ease impact from Iran war coincides with Food and Drink Federation almost tripling forecast,https://www.theguardian.com/business/2026/apr/01/uk-food-inflation-iran-war-drives-up-energy-prices,2026-04-01T18:02:00Z,guardian,Economy,2026-04-30T13:01:39.981783
Starmer’s ‘five-point energy plan’ was not a plan,"Two of the points were measures on energy bills from the autumn budget, another restated the existing energy strategy",https://www.theguardian.com/business/nils-pratley-on-finance/2026/apr/01/starmer-five-point-plan-energy-bills-iran-war,2026-04-01T17:33:13Z,guardian,Economy,2026-04-30T13:01:39.981804
"UK is most vulnerable European country to jet fuel shortages, Ryanair boss says",Michael O’Leary says UK’s reliance on Kuwait for jet fuel supply amid Iran war exposes it to possible shortages,https://www.theguardian.com/business/2026/apr/01/uk-is-most-vulnerable-european-country-to-jet-fuel-shortages-ryanair-boss-says,2026-04-01T17:16:02Z,guardian,Economy,2026-04-30T13:01:39.982253
Oil tumbles and UK’s FTSE 100 posts biggest daily rise in a year on hopes Middle East war will end soon – as it happened ,"Brent crude prices have fallen sharply, while the FTSE 100 is up 1.8% and government bonds are rallying",https://www.theguardian.com/business/live/2026/apr/01/oil-tumbles-stock-markets-gold-bonds-dollar-middle-east-war-manufacturing-factories-news-updates,2026-04-01T15:49:52Z,guardian,Economy,2026-04-30T13:01:39.982275
Australia’s land value has gone through the roof. Where does that leave young people who want to buy a home?,The capital gains tax discount helps real estate investors become even wealthier. Time to give the young a slice of ‘the Australian dream’,https://www.theguardian.com/business/grogonomics/2026/apr/02/australia-land-grab-young-people-little-hope-buying-home,2026-04-01T14:00:05Z,guardian,Economy,2026-04-30T13:01:39.982296
The life-changing magic of wearing smartglasses,"Letters: Readers respond to Elle Hunt’s review of Meta smartglasses, pointing out that the technology has a lot to offer to people with visual impairments or hearing loss",https://www.theguardian.com/technology/2026/apr/07/the-life-changing-magic-of-wearing-smartglasses,2026-04-07T16:58:44Z,guardian,Technology,2026-04-30T13:01:40.465983
 Tell us: do you use AI chatbots to make decisions for you?,Maybe you use them to decide what to eat or to help you write text messages. We’d like to hear from you,https://www.theguardian.com/technology/2026/apr/07/do-you-rely-on-ai-chatbots-to-make-decisions-we-want-to-hear-from-you,2026-04-07T16:05:00Z,guardian,Technology,2026-04-30T13:01:40.466058
An AI company with an arsenal of spacecraft: what exactly is SpaceX?,Elon Musk’s company filed confidentially for an IPO last week – but SpaceX itself is a bizarre agglomeration,https://www.theguardian.com/technology/2026/apr/07/an-ai-company-with-an-arsenal-of-spacecraft-what-exactly-is-spacex,2026-04-07T14:24:29Z,guardian,Technology,2026-04-30T13:01:40.466101
"Porn, dog poo and social media snaps: the ‘taskers’ scraping the internet for AI firm part-owned by Meta",Scale AI gig workers describe desperation of using people’s personal profiles and copyrighted work to train AI,https://www.theguardian.com/technology/2026/apr/07/meta-scale-ai-social-media-technology,2026-04-07T12:00:47Z,guardian,Technology,2026-04-30T13:01:40.466141
‘There’s a lot of desperation’: skilled older workers turn to AI training to stay afloat,"They have degrees, expertise and years of experience – but can’t find work. For many Americans, AI training has become a last refuge in a brutal job market",https://www.theguardian.com/technology/ng-interactive/2026/apr/07/ai-training-work-jobs,2026-04-07T12:00:46Z,guardian,Technology,2026-04-30T13:01:40.466179
Children in UK report online sextortion attempts in record numbers ,Exclusive: Call for nudity-detection tech on phones as number of under-18s reporting blackmail attempts rises by 34%,https://www.theguardian.com/uk-news/2026/apr/07/children-uk-report-online-sextortion-attempts-record-numbers,2026-04-07T05:00:41Z,guardian,Technology,2026-04-30T13:01:40.466219
Tech companies are cutting jobs and betting on AI. The payoff is far from guaranteed,AI experts say we’re living in an experiment that may fundamentally change the model of work,https://www.theguardian.com/technology/2026/apr/06/tech-layoffs-ai-work,2026-04-06T21:52:08Z,guardian,Technology,2026-04-30T13:01:40.466254
An AI bot invited me to its party in Manchester. It was a pretty good night,"After forgetting the nibbles, turning down my costume requests and emailing GCHQ, ‘Gaskell’ did at least get us to show up",https://www.theguardian.com/technology/2026/apr/05/ai-bot-party-manchester-gaskell,2026-04-05T07:00:44Z,guardian,Technology,2026-04-30T13:01:40.466288
Kurt Strauss obituary,"Other lives : Television engineer who moved on to work for the Electricity Council, dealing with its European relationships",https://www.theguardian.com/technology/2026/apr/03/kurt-strauss-obituary,2026-04-03T15:55:35Z,guardian,Technology,2026-04-30T13:01:40.466369
UK’s leading AI research institute told to make ‘significant’ changes,Alan Turing Institute told by funder to offer better strategy and more value for money after board was reminded of legal duties by watchdog,https://www.theguardian.com/technology/2026/apr/03/uk-alan-turing-institute-ai-research-underperforming-ukri,2026-04-03T13:04:06Z,guardian,Technology,2026-04-30T13:01:40.466406
Google to tap into gas plant for AI datacenter in sharp turn from climate goals,"Texas power plant would emit 4.5m tons of carbon dioxide per year, more than that of the entire city of San Francisco",https://www.theguardian.com/technology/2026/apr/02/google-ai-datacenter,2026-04-02T18:55:08Z,guardian,Technology,2026-04-30T13:01:40.466440
Court dismisses former WhatsApp security chief’s lawsuit against Meta,"Abdullah Baig alleged Meta ignored flaws putting billions at risk, but a US judge ruled he lacked sufficient evidence",https://www.theguardian.com/technology/2026/apr/02/whatsapp-meta-lawsuit-dismissed,2026-04-02T17:42:35Z,guardian,Technology,2026-04-30T13:01:40.466476
Goodbye mrbrightside416: Google allows users to alter quirky Gmail addresses,Those in US given chance to have more professional usernames without losing access to account,https://www.theguardian.com/technology/2026/apr/02/google-allows-users-alter-quirky-gmail-addresses,2026-04-02T12:41:34Z,guardian,Technology,2026-04-30T13:01:40.466511
"Pupils in England are losing their thinking skills because of AI, survey suggests",Two-thirds of secondary school teachers report a decline in core abilities such as writing and problem-solving,https://www.theguardian.com/technology/2026/apr/02/pupils-england-losing-thinking-skills-because-of-ai-survey,2026-04-02T05:00:19Z,guardian,Technology,2026-04-30T13:01:40.466545
Claude’s code: Anthropic leaks source code for AI software engineering tool,"Nearly 2,000 internal files were briefly leaked after ‘human error’, raising fresh security questions at the AI company",https://www.theguardian.com/technology/2026/apr/01/anthropic-claudes-code-leaks-ai,2026-04-01T19:17:55Z,guardian,Technology,2026-04-30T13:01:40.466581
"SpaceX confidentially files to go public at $1.75tn, reports say","Elon Musk’s rocket company could go public as early as June, Bloomberg reports",https://www.theguardian.com/technology/2026/apr/01/spacex-public-offering-stock-market,2026-04-01T17:45:58Z,guardian,Technology,2026-04-30T13:01:40.466617
‘System malfunction’ causes robotaxis to stall in the middle of the road in China,Distressed riders who were stranded for hours say Apollo Go customer service agents offered ‘useless platitudes’,https://www.theguardian.com/technology/2026/apr/01/system-malfunction-causes-robotaxis-to-stall-in-the-middle-of-the-road-in-china,2026-04-01T17:17:52Z,guardian,Technology,2026-04-30T13:01:40.466650
Unregulated chatbots are putting lives at risk,Letters: Readers respond to an article about people whose lives were wrecked by delusional thinking after they used AI tools,https://www.theguardian.com/technology/2026/apr/01/unregulated-chatbots-are-putting-lives-at-risk,2026-04-01T16:51:01Z,guardian,Technology,2026-04-30T13:01:40.466716
Don’t blame AI for the Iran school bombing,Letters: Anthony Lawton and Dr Felicity Mellor on the importance of humans who design systems and execute decisions taking responsibility for them,https://www.theguardian.com/technology/2026/apr/01/dont-blame-ai-for-the-iran-school-bombing,2026-04-01T16:50:53Z,guardian,Technology,2026-04-30T13:01:40.466821
Patrick McKeown obituary,"Precision engineer whose unit at Cranfield University helped develop scanners, tiny integrated circuits and the mirrors of the James Webb space telescope",https://www.theguardian.com/technology/2026/apr/01/patrick-mckeown-obituary,2026-04-01T15:36:35Z,guardian,Technology,2026-04-30T13:01:40.466861
"Apple at 50 quiz: top sellers, turkeys and turtlenecks",How much do you know about the history of one of the most powerful computing companies on the planet?,https://www.theguardian.com/technology/2026/apr/01/apple-at-50-quiz,2026-04-01T14:46:30Z,guardian,Technology,2026-04-30T13:01:40.466902
MP rejects Palantir’s claims that criticism of NHS England deal is ‘ideologically motivated’,Committee says it was appropriate for government to seek guidance on way out of £330m deal with US data company,https://www.theguardian.com/technology/2026/apr/01/mp-palantir-claims-criticism-nhs-england-deal,2026-04-01T12:55:06Z,guardian,Technology,2026-04-30T13:01:40.466940
US tech firm Oracle cuts thousands of jobs as it steps up AI spending,Company chaired by Trump ally Larry Ellison seeks to reassure investors that bet on AI infrastructure will pay off,https://www.theguardian.com/technology/2026/apr/01/us-tech-firm-oracle-cuts-thousands-of-jobs-as-it-steps-up-ai-spending-larry-ellison,2026-04-01T10:20:04Z,guardian,Technology,2026-04-30T13:01:40.466974
I wore Meta’s smartglasses for a month – and it left me feeling like a creep,"Content creators love the built-in camera; sceptics call them ‘pervert glasses’. Do we really need any more hi-tech wearables, even with a voice assistant that sounds like Judi Dench?",https://www.theguardian.com/technology/2026/apr/01/i-wore-metas-smartglasses-for-a-month-and-it-left-me-feeling-like-a-creep,2026-04-01T04:00:38Z,guardian,Technology,2026-04-30T13:01:40.467019
Oil slick from bombed Iranian ship threatens protected wetland  ,"Shahid Bagheri leaking fuel towards Hara mangrove forest, home to migrating birds and endangered turtles",https://www.theguardian.com/environment/2026/apr/07/oil-slick-shahid-bagheri-iran-ship-hara-wetland,2026-04-07T15:02:05Z,guardian,Climate,2026-04-30T13:01:40.953751
Scientists develop gene-edited wheat that can make toasted bread less carcinogenic,Bread and biscuits made from Crispr-edited wheat showed substantially reduced acrylamide levels,https://www.theguardian.com/science/2026/apr/07/crispr-gene-edited-wheat-toasted-bread-less-carcinogenic-acrylamide,2026-04-07T12:40:46Z,guardian,Climate,2026-04-30T13:01:40.953812
"As Iran war exposes global dependence on fossil fuels, the biggest emitters are reaping the rewards","Worst polluters hold world’s future in their hands as they benefit from higher fossil fuel prices, but global trends favour renewables",https://www.theguardian.com/environment/2026/apr/07/iran-war-global-dependence-fossil-fuels-biggest-emitters-reaping-rewards,2026-04-07T05:00:40Z,guardian,Climate,2026-04-30T13:01:40.953853
Country diary: A bum note amid the dawn chorus,"Hogshaw, Derbyshire: The old Buxton tip is now an area rich in nature. It’s depressing that our ‘progressive’ local council wants to develop it",https://www.theguardian.com/environment/2026/apr/07/country-diary-a-bum-note-amid-the-dawn-chorus,2026-04-07T04:30:38Z,guardian,Climate,2026-04-30T13:01:40.953965
German mayors call for night-time ban on robot lawnmowers to protect hedgehogs,Leaders say automated mowers’ blades threaten nocturnal animals as studies highlight risks to wildlife,https://www.theguardian.com/environment/2026/apr/06/german-mayors-call-for-night-time-ban-on-robot-lawnmowers-to-protect-hedgehogs,2026-04-06T12:20:37Z,guardian,Climate,2026-04-30T13:01:40.953995
Weather tracker: Warm March in US leaves snowpack critically low,"Concerns about coming wildfire risk, and temperatures also remain high on other side of Pacific where rare tropical cyclone has formed",https://www.theguardian.com/environment/2026/apr/06/weather-tracker-warm-march-in-us-leaves-snowpack-critically-low,2026-04-06T09:58:55Z,guardian,Climate,2026-04-30T13:01:40.954021
‘I escaped death a lot of times’: one man’s lifelong work protecting gorillas and communities in Congo,"As a child, Dominique Bikaba, was displaced by a new national park in the DRC. Now he is helping to secure land for wildlife and Indigenous groups against the backdrop of ongoing fighting",https://www.theguardian.com/environment/2026/apr/06/dominique-bikaba-drc-gorillas-wildlife-sanctuary-war-zone-aoe,2026-04-06T09:00:16Z,guardian,Climate,2026-04-30T13:01:40.954048
Country diary: Lambing season is here – how long until white-tailed eagles are overhead?,"Tebay, Cumbria: A planned reintroduction of these apex predators has got us upland farmers worried. We’re still not convinced they won’t harm our flocks",https://www.theguardian.com/environment/2026/apr/06/country-diary-lambing-season-is-here-how-long-until-white-tailed-eagles-are-overhead,2026-04-06T04:30:09Z,guardian,Climate,2026-04-30T13:01:40.954101
‘Doesn’t make sense to hold on to a combustion engine’: used EV prices rise as Australia’s fuel crisis hits,Stock runs low as oil crunch increases enthusiasm for electric vehicles,https://www.theguardian.com/environment/2026/apr/06/secondhand-ev-prices-rise-fuel-crisis-australia,2026-04-06T03:34:54Z,guardian,Climate,2026-04-30T13:01:40.954131
Paul Marshall and the truth about net zero,"Letters: Readers respond to a letter by the GB News co-owner, in which he argued that calling for an end to fossil fuels is impractical",https://www.theguardian.com/environment/2026/apr/05/paul-marshall-and-the-truth-about-net-zero,2026-04-05T16:50:12Z,guardian,Climate,2026-04-30T13:01:40.954185
The swift parrot’s distinctive call was recorded dozens of times in a patch of Tasmanian forest. Then the forest was logged,Scientists estimate the endangered bird’s population has slumped to about 750. But the logging agency responsible for clearing its habitat said it acted lawfully,https://www.theguardian.com/environment/2026/apr/06/the-swift-parrots-distinctive-call-was-recorded-dozens-of-times-in-a-patch-of-tasmanian-forest-then-the-forest-was-logged,2026-04-05T15:00:55Z,guardian,Climate,2026-04-30T13:01:40.954216
Rice’s whales existed before humans. Now Trump could make them extinct,"The US has invoked national security to remove protections for the endangered cetacean, of which only about 50 are left",https://www.theguardian.com/environment/2026/apr/05/rice-whales-extinction-trump-gulf-mexico,2026-04-05T11:00:49Z,guardian,Climate,2026-04-30T13:01:40.954247
Bilby boom: breeding trial to reintroduce species to Mallee Cliffs national park shows signs of success,Fifty ‘founder’ bilbies were released in fenced breeding area in 2019 with the aim of establishing first wild population there in a century,https://www.theguardian.com/australia-news/2026/apr/05/bilby-breeding-trial-nsw-australia-easter-,2026-04-04T20:00:32Z,guardian,Climate,2026-04-30T13:01:40.954276
Braiding knowledge: how Indigenous expertise and western science are converging,Researchers are weaving Native practices with western methods to revive ecosystems and reclaim food sovereignty,https://www.theguardian.com/environment/2026/apr/04/indigenous-knowledge-western-science-climate-ecosystems,2026-04-04T15:00:24Z,guardian,Climate,2026-04-30T13:01:40.954301
"New North Sea drilling would barely reduce UK gas imports at all, data shows","Exclusive: research finds Jackdaw field would provide only about 2% of current demand, and Rosebank only 1%",https://www.theguardian.com/environment/2026/apr/04/new-north-sea-drilling-jackdaw-rosebank-uk-gas-imports,2026-04-04T09:00:18Z,guardian,Climate,2026-04-30T13:01:40.954326
From early birds to emerging butterflies: UK shows signs of earliest spring on record,"Citizen science data reveals early flowering, nesting and insect activity as global heating accelerate seasonal change",https://www.theguardian.com/environment/2026/apr/04/birds-butterflies-britain-shows-signs-of-earliest-spring-on-record,2026-04-04T05:00:13Z,guardian,Climate,2026-04-30T13:01:40.954351
Country diary: Our first sunny day in a month – time to scale a summit,"Sgòr Gaoith, Cairngorms: Our rucksacks are heavy with crampons and ice axe, and the wind is a menace, but it’s all worth it for the views",https://www.theguardian.com/environment/2026/apr/04/country-diary-our-first-sunny-day-in-a-month-time-to-scale-a-summit,2026-04-04T04:30:11Z,guardian,Climate,2026-04-30T13:01:40.954401
"Sydney councils fear new datacentres could cause blackouts, block housing and affect locals’ health","Datacentres ‘directly competing’ with possible residential builds near public transport, one council tells NSW inquiry, amid growing concerns",https://www.theguardian.com/environment/2026/apr/04/sydney-councils-fear-new-datacentres-could-cause-blackouts-block-housing-and-affect-locals-health,2026-04-04T02:26:54Z,guardian,Climate,2026-04-30T13:01:40.954428
It would be a shame to lose the bog star,Letter: Jean Wilson is saddened by the fact that grass of Parnassus is close to extinction,https://www.theguardian.com/environment/2026/apr/03/it-would-be-a-shame-to-lose-the-bog-star,2026-04-03T16:08:23Z,guardian,Climate,2026-04-30T13:01:40.954479
Marion Nixon obituary,Other lives : Authority on the feeding and growth of octopuses,https://www.theguardian.com/environment/2026/apr/03/marion-nixon-obituary,2026-04-03T15:29:36Z,guardian,Climate,2026-04-30T13:01:40.954523
Confused dogs and courting crickets: how does daylight saving time affect animals?,"Humans flip time forwards and backwards, often with little idea of how that can affect other species",https://www.theguardian.com/environment/2026/apr/04/how-does-daylight-saving-time-affect-animals-australia-wildlife,2026-04-03T14:00:55Z,guardian,Climate,2026-04-30T13:01:40.954550
‘Amazing’: how to grow a meadow in the sea,"Vibrant seagrass meadows once flourished around the UK but most have been destroyed. Now, communities and scientists are working to restore them",https://www.theguardian.com/environment/2026/apr/03/hard-work-how-to-grow-a-meadow-in-the-sea,2026-04-03T12:00:52Z,guardian,Climate,2026-04-30T13:01:40.954577
Storm Erminio lashes much of Greece as Saharan dust blankets Crete,"South-east Italy also affected by heavy rain, and snow at higher altitudes, while deadly flooding hits Afghanistan",https://www.theguardian.com/news/2026/apr/03/storm-erminio-saharan-dust-crete-greece-italy-rain-flooding-afghanistan,2026-04-03T09:00:55Z,guardian,Climate,2026-04-30T13:01:40.954604
"As satellites fill Earth’s orbit, the space race risks becoming an environmental crisis","In this week’s newsletter: From pollution in the upper atmosphere to mounting debris, experts warn the rapid expansion in space could threaten our planet",https://www.theguardian.com/environment/2026/apr/01/as-satellites-fill-earths-orbit-the-space-race-risks-becoming-an-environmental-crisis,2026-04-03T06:00:45Z,guardian,Climate,2026-04-30T13:01:40.954631
Why reducing air pollution deaths isn’t just about reducing air pollution,"Study shows reducing vulnerability to pollution, for example by expanding healthcare access, saves millions of lives",https://www.theguardian.com/environment/2026/apr/03/air-pollution-deaths-vulnerability-study-pollutionwatch,2026-04-03T05:00:44Z,guardian,Climate,2026-04-30T13:01:40.954657
Country diary: The rise of the rare pasqueflower is my Easter miracle,"Therfield Heath, Hertfordshire: Soft and felty beyond belief, these springtime tremblers are also highly scarce – yet here are tens of thousands of them",https://www.theguardian.com/environment/2026/apr/03/country-diary-the-rise-of-the-rare-pasqueflower-is-my-easter-miracle,2026-04-03T04:30:42Z,guardian,Climate,2026-04-30T13:01:40.954706
"Sex at arm’s length? Male octopuses use specialised arm to mate, scientists find","Sensory organ in male cephalopod able to detect female hormone progesterone, even if male cannot see partner",https://www.theguardian.com/environment/2026/apr/02/sex-octopus-specialist-arm-mating-science,2026-04-02T18:17:45Z,guardian,Climate,2026-04-30T13:01:40.954733
Why thousands of New Yorkers swap gas for induction stoves in clean energy push: ‘It makes sense’,"US states from California to Georgia are promoting induction stoves for climate, health and cost benefits",https://www.theguardian.com/environment/2026/apr/02/new-york-induction-stoves-climate-energy,2026-04-02T10:00:21Z,guardian,Climate,2026-04-30T13:01:40.954758
 ‘Swifts spark joy!’ Why these beautiful birds need our help – and 10 ways to give it,Britain’s swift population fell by two-thirds between 1995 and 2023. Make their lives a little easier with a bit more food and more places to nest,https://www.theguardian.com/environment/2026/apr/02/swifts-spark-joy-why-these-beautiful-birds-need-our-help-and-10-ways-to-give-it,2026-04-02T08:00:20Z,guardian,Climate,2026-04-30T13:01:40.954786
UK looks to relax planning rules for factory farms after industry lobbying,Exclusive: documents chronicle years-long campaign to make it easier to build intensive livestock units,https://www.theguardian.com/environment/2026/apr/02/uk-looks-to-relax-planning-rules-for-factory-farms-after-industry-lobbying,2026-04-02T07:00:20Z,guardian,Climate,2026-04-30T13:01:40.954814
"Drive slower, work from home and ditch the tie: the world responds to Iran war energy crisis",Oil crisis triggered by blockade of strait of Hormuz prompts emergency measures to protect supply and halt rising prices,https://www.theguardian.com/environment/2026/apr/02/world-response-iran-war-energy-crisis-oil,2026-04-02T05:00:17Z,guardian,Climate,2026-04-30T13:01:40.954840
Country diary: This is heavy work for heavy beasts,"Nettlecombe, Dorset: Logging is typically a job for a machine, but French Comtois are highly manoeuvrable and have just the right amount of horsepower",https://www.theguardian.com/environment/2026/apr/02/country-diary-this-is-heavy-work-for-heavy-beasts,2026-04-02T04:30:16Z,guardian,Climate,2026-04-30T13:01:40.954889
The dark side of the balloon boom – is it time they were banned?,"From balloon arches at parties to mass balloon releases at funerals, these bits of floating rubber and plastic can have disastrous effects on wildlife. As some retailers are refusing to sell them, here are some alternatives",https://www.theguardian.com/environment/2026/apr/02/the-dark-side-of-the-balloon-boom-is-it-time-they-were-banned,2026-04-02T04:00:18Z,guardian,Climate,2026-04-30T13:01:40.954917
"Not if, but when: how Spain’s coastal towns are preparing for tsunamis","In the holiday hotspots of the Costa del Sol, the risks are rarely mentioned. But in neighbouring Cádiz, the country’s first tsunami-ready town is leading by example",https://www.theguardian.com/environment/2026/apr/02/how-spain-coastal-towns-preparing-for-tsunamis,2026-04-02T04:00:16Z,guardian,Climate,2026-04-30T13:01:40.954946
Healthy hedgehogs are best left in the wild,"Letter: The creatures should not be kept or treated as pets, however tame or familiar they may appear, says Tiggywinkles Wildlife Hospital",https://www.theguardian.com/environment/2026/apr/01/healthy-hedgehogs-are-best-left-in-the-wild,2026-04-01T16:50:47Z,guardian,Climate,2026-04-30T13:01:40.955015
Nature boys and girls – here’s your chance to get published in the Guardian,"Our wildlife series Young Country Diary is looking for articles written by children, about their spring encounters with nature",https://www.theguardian.com/environment/2021/aug/27/nature-lovers-guardian-young-country-diary-writers,2026-04-01T09:48:54Z,guardian,Climate,2026-04-30T13:01:40.955047
Invisible plumes and ‘terrible pollution’: the reality of the US gas sites rated ‘grade A’,Exclusive: Guardian investigation into reliability of methane certification issued by MiQ reveals weakness of voluntary model,https://www.theguardian.com/environment/2026/apr/01/invisible-plumes-and-terrible-pollution-the-reality-of-the-us-gas-sites-rated-grade-a,2026-04-01T06:00:39Z,guardian,Climate,2026-04-30T13:01:40.955074
"Painting eyes on takeaway boxes can stop gulls stealing chips, study shows",Research from the University of Exeter find that the method could help reduce thefts by as much as 50%,https://www.theguardian.com/environment/2026/apr/01/specieswatch-eyes-on-takeaway-boxes-stop-gulls-stealing-chips,2026-04-01T05:00:39Z,guardian,Climate,2026-04-30T13:01:40.955100
Country diary: It is our duty to delight in the dandelion,"Stoke-on-Trent, Staffordshire: These early spring bloomers are a favourite of mine, a model of nature’s generosity, yet so often ignored",https://www.theguardian.com/environment/2026/apr/01/country-diary-it-is-our-duty-to-delight-in-the-dandelion,2026-04-01T04:30:37Z,guardian,Climate,2026-04-30T13:01:40.955142
Bryson DeChambeau making his own golf clubs in quest for Masters title,Bryson DeChambeau has revealed the latest strand to his career as he prepares to challenge for the Green Jacket: golf club manufacturing,https://www.theguardian.com/sport/2026/apr/07/bryson-dechambeau-the-masters-green-jacket-augusta-national-golf,2026-04-07T20:25:59Z,guardian,Sports,2026-04-30T13:01:41.548705
Rory McIlroy returns to scene of Masters glory with ‘big weight off my shoulders’,The defending champion is a lot more relaxed but ‘just as motivated’ this year after finally winning at Augusta,https://www.theguardian.com/sport/2026/apr/07/rory-mcilroy-a-lot-more-relaxed-and-aiming-to-repeat-last-years-masters-success,2026-04-07T20:12:47Z,guardian,Sports,2026-04-30T13:01:41.548765
Jon Rahm adamant he will play for Europe at next year’s Ryder Cup,"Jon Rahm has declared he will play for Europe in next year’s Ryder Cup, with the Spaniard confident of ending his standoff with the DP World Tour",https://www.theguardian.com/sport/2026/apr/07/the-masters-jon-rahm-europe-ryder-cup-dp-world-tour-golf,2026-04-07T17:03:28Z,guardian,Sports,2026-04-30T13:01:41.548802
‘We’ll start a creche’: how the World Surf League is becoming family friendly for parents on tour,"The tour brings in maternity wildcard and parental leave, with surfers saying it is a ‘huge step in the right direction’ and ‘so sick’ for the sport",https://www.theguardian.com/sport/2026/apr/08/world-surf-league-family-friendly-parents-tour,2026-04-07T15:00:00Z,guardian,Sports,2026-04-30T13:01:41.548832
Sale believe Courtney Lawes can regain England place after veteran signs one-year deal,Courtney Lawes has been backed to regain his England place following confirmation he will be joining Sale Sharks this summer on a one-year deal,https://www.theguardian.com/sport/2026/apr/07/courtney-lawes-backed-to-regain-england-place-after-signing-one-year-sale-deal-rugby-union,2026-04-07T14:38:50Z,guardian,Sports,2026-04-30T13:01:41.548859
‘My dream is to be England’s opening bowler’: Josh Tongue on Botox and getting Steve Smith out,"Josh Tongue, the England and Nottinghamshire quick, tells James Wallace about the unusual injections that saved his career and that he wants everyone to know how to pronounce his name",https://www.theguardian.com/sport/2026/apr/07/josh-tongue-botox-steve-smith-england-nottinghamshire-cricket-interview,2026-04-07T12:00:47Z,guardian,Sports,2026-04-30T13:01:41.548886
Drone racing to drone strikes: have war and sport become indistinguishable?,"The Trump administration’s pushing of the war in Iran reflects a sporting culture driven by clipped-up content, shameless tribalism and a lust for escalation",https://www.theguardian.com/sport/2026/apr/07/us-war-iran-sport-content-drone-racing,2026-04-07T11:00:45Z,guardian,Sports,2026-04-30T13:01:41.548914
Mitchell’s Six Nations conundrum: who will be Red Roses’ next Abby Dow?,World champions have a large try-scoring hole to fill and a rejigged side searching for eighth title win in a row,https://www.theguardian.com/sport/2026/apr/07/john-mitchell-womens-six-nations-red-roses-next-abby-dow,2026-04-07T10:00:44Z,guardian,Sports,2026-04-30T13:01:41.548942
Courtney Lawes ‘officially un-retiring’ for England after announcing Sale move,"Veteran Courtney Lawes is returning to the Prem with Sale, making him eligible for England international duty once more",https://www.theguardian.com/sport/2026/apr/06/courtney-lawes-return-prem-brive-rugby-union,2026-04-07T09:18:40Z,guardian,Sports,2026-04-30T13:01:41.548969
"The Masters is a welcome oasis in golf’s fractious world, despite its stuffy foibles","No phones, no littering, no cheering bad shots – ‘patrons’ face strict rules at Augusta, but what a contrast to last year’s disgraceful Ryder Cup",https://www.theguardian.com/sport/2026/apr/07/the-masters-is-a-welcome-oasis-in-golfs-fractious-world-despite-its-stuffy-foibles,2026-04-07T07:00:41Z,guardian,Sports,2026-04-30T13:01:41.548997
Michigan defeats UConn to win NCAA men’s basketball championship – as it happened,Elliot Cadeau scored 19 points as the Wolverines held off a late rally by UConn to capture their first title since 1989. Read Beau Dure’s live play-by-play,https://www.theguardian.com/sport/live/2026/apr/06/ncaa-mens-national-championship-uconn-michigan-live-score,2026-04-07T03:34:22Z,guardian,Sports,2026-04-30T13:01:41.549023
‘You have to have a bit of heartache’: Justin Rose on his bid to avoid being Masters nearly man,Three-time runner-up Justin Rose is determined to put last year’s dramatic playoff defeat behind him and prove he still has the quality to win at Augusta,https://www.theguardian.com/sport/2026/apr/06/you-have-to-have-a-bit-of-heartache-justin-rose-on-his-bid-to-avoid-being-masters-nearly-man,2026-04-06T21:58:57Z,guardian,Sports,2026-04-30T13:01:41.549050
"Sir Craig Reedie, key London 2012 Olympics figure and former BOA chair, dies aged 84","Sir Craig Reedie, a giant of the Olympic movement, who served as chair of the British Olympic Association for more than a decade and was instrumental in bringing the Games to London in 2012, has died at the age of 84",https://www.theguardian.com/sport/2026/apr/06/sir-craig-reedie-key-london-2012-olympics-figure-and-former-boa-chair-dies-aged-84,2026-04-06T18:00:48Z,guardian,Sports,2026-04-30T13:01:41.549081
"County cricket: Sussex beat Leicestershire, Yorkshire draw against Glamorgan – as it happened","The champions Nottinghamshire batted out a draw at Somerset, while Northampton’s last pair defied Lancashire",https://www.theguardian.com/sport/live/2026/apr/06/county-cricket-day-four-leicestershire-v-sussex-somerset-v-notts-and-more-live,2026-04-06T17:47:30Z,guardian,Sports,2026-04-30T13:01:41.549106
Chicago Sky trade Angel Reese to Atlanta Dream in first major move of WNBA offseason,"The two-time All-Star, who led the league in rebounds twice but had developed a strained relationship with Chicago, made the first major move of the offseason",https://www.theguardian.com/sport/2026/apr/06/angel-reese-trade-sky-dream-wnba-offseason-free-agency,2026-04-06T16:37:22Z,guardian,Sports,2026-04-30T13:01:41.549134
Horse welfare debate helps highlight Grand National’s unrivalled status,"While authorities are under pressure to keep learning, TV audience figures suggest the public have not lost interest",https://www.theguardian.com/sport/2026/apr/06/horse-welfare-debate-grand-national-unrivalled-status-racing-aintree,2026-04-06T16:36:36Z,guardian,Sports,2026-04-30T13:01:41.549161
Sharper Hawks claim thriller over Cats with one mad minute of the utmost drama,"Hawthorn and Geelong have offered some of the best football of the modern era in their Easter Monday clashes, but this year’s classic surpasses them all",https://www.theguardian.com/sport/blog/2026/apr/07/hawthorn-hawks-geelong-cats-afl-football-easter-monday,2026-04-06T15:00:22Z,guardian,Sports,2026-04-30T13:01:41.549189
Retirement gnome? Masters miniatures rumoured to have short future at Augusta,Speculation is rising in golf that this week will be the final time the Masters gnomes will be on sale at Augusta National,https://www.theguardian.com/sport/2026/apr/06/retirement-gnome-masters-miniatures-rumoured-to-have-short-future-at-augusta-golf,2026-04-06T13:28:42Z,guardian,Sports,2026-04-30T13:01:41.549217
"‘Mum, I have to go to Moscow as I am fighting a bear’: Makhmudov on Russia’s grizzlies, God and Tyson Fury",The heavyweight from Dagestan tells Donald McRae about living in Canada and describes Saturday’s opponent as the ‘professor’ of boxing,https://www.theguardian.com/sport/2026/apr/06/arslanbek-makhmudov-russia-boxing-god-tyson-fury-tottenham-hotspur-stadium-interview,2026-04-06T11:30:18Z,guardian,Sports,2026-04-30T13:01:41.549244
The Joy of Six: moments of unbridled joy in sport,From Wozniacki’s sweet relief to Tardelli’s intense scream via Garrincha’s mesmeric dribbling and more,https://www.theguardian.com/sport/2026/apr/06/the-joy-of-six-moments-of-unbridled-joy-in-sport,2026-04-06T09:00:16Z,guardian,Sports,2026-04-30T13:01:41.549271
NCAA Tournament 2026 men’s final predictions: will UConn or Michigan cut down the nets in Indy?,"The Guardian’s experts break down UConn v Michigan, from the key matchups to the bold predictions, ahead of the NCAA men’s championship game",https://www.theguardian.com/sport/2026/apr/06/march-madness-2026-final-predictions-uconn-michigan,2026-04-06T09:00:15Z,guardian,Sports,2026-04-30T13:01:41.549299
US sprint star Sha’Carri Richardson wins 2026 Stawell Gift off scratch in thrilling finish,"The American crosses in 13.15s ahead of Australia’s Charlotte Nielsen, while Olufemi Komolafe wins the men’s final",https://www.theguardian.com/sport/2026/apr/06/shacarri-richardson-wins-2026-stawell-gift-sprint,2026-04-06T05:31:51Z,guardian,Sports,2026-04-30T13:01:41.549325
‘We don’t want pity’: Ukrainian war veterans face off in amputee boxing championship,Artem Khrebet emerged victorious from what organisers say was world-first competitive bout between double amputees,https://www.theguardian.com/sport/2026/apr/06/ukraine-war-veterans-amputee-boxing-championship,2026-04-06T04:00:10Z,guardian,Sports,2026-04-30T13:01:41.549353
NCAA women’s national championship: South Carolina 51-79 UCLA – as it happened!,"Live report: The UCLA Bruins win their first NCAA women’s basketball title by routing South Carolina 79-51 in Phoenix, Arizona",https://www.theguardian.com/sport/live/2026/apr/05/ncaa-womens-national-championship-south-carolina-ucla-live-score,2026-04-05T21:57:19Z,guardian,Sports,2026-04-30T13:01:41.549451
"County cricket day three: Leicestershire make hash of chase against Sussex, Essex win – as it happened",Matt Critchley starred for Essex as they romped to an innings victory over Hampshire while Storm Dave wiped out play at Durham,https://www.theguardian.com/sport/live/2026/apr/05/county-cricket-day-three-durham-declare-ground-unsafe-storm-dave-damage-live,2026-04-05T19:48:43Z,guardian,Sports,2026-04-30T13:01:41.549488
Saudi-backed LIV Tour looks at staging national opens after plug on talent drain,The Saudi Arabian-backed LIV circuit is exploring the possibility of staging national opens as golf’s power struggle goes on,https://www.theguardian.com/sport/2026/apr/05/liv-saudia-arabia-national-open-tournaments-pga-dp-world-tour-golf,2026-04-05T18:00:57Z,guardian,Sports,2026-04-30T13:01:41.549517
Super League’s rousing Rivals Round offers timely boost for takeover talks,"Healthy crowds, a five-way title race and some stunning action give NRL executives plenty to be encouraged by",https://www.theguardian.com/sport/2026/apr/05/super-league-rivals-round-timely-boost-nrl-takeover-talks-rugby-league,2026-04-05T17:41:54Z,guardian,Sports,2026-04-30T13:01:41.549544
Female athletes’ fertility is still a blind spot ,"Letter: Dr Mireia Galian argues that paid, protected time off for fertility assessment and treatment should be standard across women’s sports",https://www.theguardian.com/sport/2026/apr/05/female-athletes-fertility-is-still-a-blind-spot,2026-04-05T16:50:00Z,guardian,Sports,2026-04-30T13:01:41.549641
Rayasi hat-trick inspires nine-try Bordeaux in crushing win against Leicester,Bordeaux set up a Champions Cup quarter-final with Toulouse next weekend after beating Leicester 64-14,https://www.theguardian.com/sport/2026/apr/05/bordeaux-leicester-champions-cup-rugby-union-match-report,2026-04-05T16:34:21Z,guardian,Sports,2026-04-30T13:01:41.549675
‘It can be overwhelming’: Talia Gibson on her rapid rise and going toe-to-toe with the big hitters,Australia’s new tennis sensation is beginning to believe she belongs after an eye-catching run beating five top 20-ranked players,https://www.theguardian.com/sport/2026/apr/06/talia-gibson-australia-tennis-wta-rankings-rise-interview,2026-04-05T15:00:54Z,guardian,Sports,2026-04-30T13:01:41.549709
"Tradition, trepidation and that Augusta ‘thing’ – why the Masters remains golf’s greatest prize","Even the greatest golfers can wilt in pursuit of the Green Jacket – Xander Schauffele, Jordan Spieth and Tommy Fleetwood try to explain its special aura",https://www.theguardian.com/sport/2026/apr/05/masters-augusta-jordan-spieth-tommy-fleetwood-xander-schauffele-golf,2026-04-05T14:27:19Z,guardian,Sports,2026-04-30T13:01:41.549742
County cricket day two: Anderson rolls back the years with five-fer for Lancashire,"The Lancashire seamer’s victims included James Sales, 21 years after Anderson had dismissed his dad, David",https://www.theguardian.com/sport/live/2026/apr/04/county-cricket-day-two-somerset-v-notts-leicestershire-v-sussex-and-more-live,2026-04-04T18:16:24Z,guardian,Sports,2026-04-30T13:01:41.549789
Henry Arundell inspires Bath to come-from-behind win over Saracens,A second-half turnaround sent Bath through to the Champions Cup quarter-finals with a 31-22 win over Saracens,https://www.theguardian.com/sport/2026/apr/04/bath-saracens-champions-cup-rugby-union-match-report,2026-04-04T16:32:39Z,guardian,Sports,2026-04-30T13:01:41.549815
"The Boat Races 2026: Cambridge men cruise to victory, Oxford women end losing streak – as it happened",Oxford won their first women’s Boat Race since 2016 but Cambridge’s men made it four in a row,https://www.theguardian.com/sport/live/2026/apr/04/the-boat-races-2026-oxford-cambridge-latest-news-updates,2026-04-04T15:28:37Z,guardian,Sports,2026-04-30T13:01:41.549839
Oxford women and Cambridge men seal Boat Race triumphs in choppy waters,"Oxford women ended eight years of Cambridge dominance in tough conditions, but the men in light blue secured a seventh win in eight years",https://www.theguardian.com/sport/2026/apr/04/oxford-women-and-cambridge-men-savour-boat-race-triumphs,2026-04-04T15:25:39Z,guardian,Sports,2026-04-30T13:01:41.549864
Rising star ‘Wreck-It Will’ Sherman has roots in US rugby’s past and eyes on its future,"If the Eagles are to make a mark on their home World Cup in 2031, the hard-hitting Anthem RC lock could have a key role to play",https://www.theguardian.com/sport/2026/apr/04/will-sherman-usa-rugby-mlr-anthem,2026-04-04T10:00:19Z,guardian,Sports,2026-04-30T13:01:41.549889
NCAA women’s Final Four: UCLA 51-44 Texas; South Carolina 62-48 UConn – as it happened,Rolling report: South Carolina took down UConn and UCLA held off Texas in a defensive slugfest to set up Sunday’s national championship matchup,https://www.theguardian.com/sport/live/2026/apr/03/uconn-south-carolina-ucla-texas-final-four-live-updates,2026-04-04T04:06:57Z,guardian,Sports,2026-04-30T13:01:41.549936
Geno Auriemma and Dawn Staley have tense postgame exchange after South Carolina shock UConn in Final Four,Dawn Staley and Geno Auriemma had a heated exchange at the end of South Carolina’s 62-48 win over UConn in Friday night’s Final Four matchup,https://www.theguardian.com/sport/2026/apr/03/uconn-south-carolina-geno-auriemma-dawn-staley-ucla-texas,2026-04-04T01:25:40Z,guardian,Sports,2026-04-30T13:01:41.549962
County cricket: Gay makes hay on opening day to blast season’s first century ,Zak Crawley failed to put the Ashes misery behind him but history was made at Southampton where Noah Thain became the first full substitute,https://www.theguardian.com/sport/live/2026/apr/03/county-cricket-season-begins-somerset-v-notts-leicestershire-v-sussex-and-more-day-one-live,2026-04-03T19:40:04Z,guardian,Sports,2026-04-30T13:01:41.549986
Foakes to the rescue for Surrey as County Championship makes its earliest start,Wicketkeeper hits ton against Warwickshire and impresses alongside Tom Lawes on season’s opening day,https://www.theguardian.com/sport/2026/apr/03/foakes-to-the-rescue-for-surrey-as-county-championship-makes-its-earliest-start,2026-04-03T18:08:04Z,guardian,Sports,2026-04-30T13:01:41.550012
‘I still have a lot left’: Rory McIlroy on his Masters defence and staying motivated,Northern Irishman bristles at suggestions he has peaked as he returns to Augusta with the same intensity as always,https://www.theguardian.com/sport/2026/apr/03/rory-mcilroy-masters-defence-staying-motivated-golf-interview,2026-04-03T18:00:01Z,guardian,Sports,2026-04-30T13:01:41.550037
Timeforshowcasing into Classic contention after Burradon success,"The Charlie Johnston-trained horse won at prices up to 25-1 at Newcastle, and he said afterwards: ‘I backed her twice, I couldn’t believe how much she drifted’",https://www.theguardian.com/sport/2026/apr/03/timeforshowcasing-classic-contention-burradon-stakes-horse-racing,2026-04-03T17:43:04Z,guardian,Sports,2026-04-30T13:01:41.550067
Bill Leyland completes unlikely St Helens comeback to stun leaders Wigan,A depleted St Helens beat Wigan 34-24 thanks to two late tries from their on-loan hooker Bill Leyland,https://www.theguardian.com/sport/2026/apr/03/st-helens-wigan-super-league-match-report,2026-04-03T17:23:46Z,guardian,Sports,2026-04-30T13:01:41.550090
"The Boat Races, FA Cup quarter-finals and county cricket – follow with us",Here’s how to follow along with our coverage – the finest writing and up-to-the-minute reports,https://www.theguardian.com/sport/2026/apr/03/fa-cup-quarter-finals-boat-races-county-cricket-follow-with-us,2026-04-03T16:33:45Z,guardian,Sports,2026-04-30T13:01:41.550112
Different strokes: Channel 4 steps up for debut as Boat Races get makeover,"Races have left the BBC as Oxford’s women, led by Olympic medallist Heidi Long, seek to end long wait for victory",https://www.theguardian.com/sport/2026/apr/03/different-strokes-channel-4-steps-up-for-debut-as-boat-races-get-makeover,2026-04-03T15:39:44Z,guardian,Sports,2026-04-30T13:01:41.550134
"Tiger Woods told police he talked to ‘the president’ after arrest, bodycam shows",Bodycam footage of Tiger Woods’s arrest for DUI shows the golfer was surprised when he was handcuffed by police officers at the scene of a crash,https://www.theguardian.com/sport/2026/apr/02/tiger-woods-bodycam-footage-dui-arrest-golf,2026-04-03T14:08:50Z,guardian,Sports,2026-04-30T13:01:41.550156
My doctor said joy can be found in unexpected places. For me it was the Adelaide 36ers,"Australian author Olivia De Zilva realised watching basketball was a form of therapy for her complex PTSD, as she learned to exist with people again",https://www.theguardian.com/sport/2026/apr/04/my-doctor-said-joy-found-unexpected-places-basketball-nbl-adelaide-36ers,2026-04-03T14:00:54Z,guardian,Sports,2026-04-30T13:01:41.550179
"‘It’s not a revolution, it’s evolution’: Les Kiss army takes shape with Wallabies reign in sight",Australia’s incoming coach is out to build on the foundations set by Joe Schmidt after having to earn his shot while coming from a rugby league background,https://www.theguardian.com/sport/2026/apr/04/les-kiss-wallabies-australia-rugby-union-head-coach-incoming,2026-04-03T14:00:54Z,guardian,Sports,2026-04-30T13:01:41.550203
"A family holiday, a lewd photo and a defamation suit. Inside the Luke Sayers saga and the AFL’s day in court","In court documents, Cate Sayers claims the AFL took only two weeks to clear her husband of making the social media post and any wrongdoing",https://www.theguardian.com/sport/2026/apr/04/a-family-holiday-a-lewd-photo-and-a-defamation-suit-how-the-luke-sayers-scandal-exposed-how-the-afl-investigates-its-own-ntwnfb,2026-04-03T14:00:54Z,guardian,Sports,2026-04-30T13:01:41.550778
‘This is what you don’t see in F1’: the university where future race engineers are made,"With alumni in every F1 team, Oxford Brookes University’s Formula Student team is the most prestigious in the country",https://www.theguardian.com/education/2026/apr/03/oxford-brookes-f1-formula-student-competition-fastest-race-car,2026-04-03T12:16:51Z,guardian,Sports,2026-04-30T13:01:41.550802
Jimmy Kimmel on Trump’s posts: ‘The only president who teases a bombing the same way ABC promotes episodes’,Late-night hosts discussed Trump’s unhinged social media posts about Iran and a very strange edition of the White House Easter egg roll,https://www.theguardian.com/culture/2026/apr/07/jimmy-kimmel-trump-iran-posts,2026-04-07T15:30:59Z,guardian,Culture,2026-04-30T13:01:42.012904
Eminem’s 8 Mile helped me survive abuse – and opened my eyes to a world outside of orthodox Judaism,"My upbringing denied me access to the arts and led to me bottling up my feelings about what was happening to me. Then I saw Eminem taking control of his destiny, and decided I needed to do the same",https://www.theguardian.com/culture/2026/apr/04/eminems-8-mile-helped-me-survive-abuse-and-opened-my-eyes-to-a-world-outside-of-orthodox-judaism,2026-04-04T06:00:13Z,guardian,Culture,2026-04-30T13:01:42.012951
"The Guide #237: Fab 5 Freddy, the street artist at the heart of New York’s creative zenith",A new memoir by Fred Brathwaite offers an insight into the city’s emerging underground scene in the 70s and 80s – and shows us the power of subcultures in difficult times,https://www.theguardian.com/culture/2026/apr/03/the-guide-fab-5-freddy-fred-brathwaite-new-york-creative-scene-street-art-70s-80s,2026-04-04T06:00:13Z,guardian,Culture,2026-04-30T13:01:42.012980
From The Drama to Malcolm in the Middle: your complete entertainment guide to the week ahead,"R-Patz and Zandaya star in a romcom with bite, and the lovably dysfunctional family is back in a revival of the turn-of-the-millennium comedy hit",https://www.theguardian.com/culture/2026/apr/04/drama-robert-pattinson-zendaya-super-mario-galaxy-malcolm-middle-entertainment-guide-to-the-week-ahead,2026-04-04T05:00:12Z,guardian,Culture,2026-04-30T13:01:42.013001
Colbert on Trump’s Iran speech: old news ‘delivered by a narcotized turtle’,The late-night host reacted to Trump’s prime-time address on the war and his firing of attorney general Pam Bondi,https://www.theguardian.com/culture/2026/apr/03/stephen-colbert-trump-iran-speech,2026-04-03T14:35:16Z,guardian,Culture,2026-04-30T13:01:42.013022
Post your questions for DJ Shadow,"As his pioneering album Endtroducing turns 30 and he reissues his Mo’Wax singles, the producer is in a retrospective mood and ready to take your questions",https://www.theguardian.com/culture/2026/apr/03/post-your-questions-for-dj-shadow,2026-04-03T13:06:16Z,guardian,Culture,2026-04-30T13:01:42.013043
Stephen Colbert on Trump attending birthright citizenship hearing: ‘That’s mob-boss-level intimidation’,"Late-night hosts discussed Trump becoming first sitting president to attend supreme court oral arguments, for a bombshell case on birthright citizenship",https://www.theguardian.com/culture/2026/apr/02/stephen-colbert-trump-birthright-citizenship-scotus-hearing,2026-04-02T15:46:59Z,guardian,Culture,2026-04-30T13:01:42.013062
"Colbert on Trump’s shifting tone on Iran: ‘It’s a military strategy known as starting a 1,000-piece jigsaw puzzle’",Late-night hosts discussed Trump’s refusal to clean up his mess in Iran and gas prices soaring to over $4 a gallon,https://www.theguardian.com/culture/2026/apr/01/stephen-colbert-trump-iran-gas-prices,2026-04-01T15:30:11Z,guardian,Culture,2026-04-30T13:01:42.013082
